Brand,Price,Description
U.S. Polo Assn.,Rs. 1799Rs. 2999(40% OFF),Men Clarkin Sneakers
Puma,Rs. 1649Rs. 2999(45% OFF),Unisex Kent 2.0 IDP Sneakers
Killer,Rs. 699Rs. 1999(Rs. 1300 OFF),Men Slip-On Sneakers
U.S. Polo Assn.,Rs. 1799Rs. 2999(40% OFF),Men Colourblocked Sneakers
H&M,Rs. 1999,Men Canvas Trainers
U.S. Polo Assn.,Rs. 1649Rs. 2999(45% OFF),Men Colourblocked Sneakers
Roadster,Rs. 872Rs. 3795(77% OFF),Men Sneakers
Killer,Rs. 1149Rs. 1999(Rs. 850 OFF),Men Solid Mesh Sneakers
H&M,Rs. 1999,Men Canvas Hi-Top Trainers
ALDO,Rs. 9999,Men Colourblocked Sneakers
HIGHLANDER,Rs. 995Rs. 1990(50% OFF),Men Solid Sneakers
PUMA Motorsport,Rs. 3374Rs. 7499(55% OFF),Unisex Mercedes F1 R-Cat
U.S. Polo Assn.,Rs. 3149Rs. 4499(30% OFF),Men Solid Sneakers
ALDO,Rs. 8999,Men Derbys
HIGHLANDER,Rs. 995Rs. 1990(50% OFF),Men Sneakers
Louis Philippe,Rs. 3599Rs. 4999(28% OFF),Men Solid Driving Shoes
Mactree,Rs. 898Rs. 4490(80% OFF),Men Suede Loafers
U.S. Polo Assn.,Rs. 1819Rs. 2599(30% OFF),Men Solid CARLIN Sneakers
Louis Philippe,Rs. 3249Rs. 4999(35% OFF),Men Solid Driving Shoes
Roadster,Rs. 1319Rs. 3299(60% OFF),Men Solid Sneakers
Skechers,Rs. 3684Rs. 5499(33% OFF),Men BOUNDER-MIRKLE Sneakers
PUMA Motorsport,Rs. 3599Rs. 7999(55% OFF),Unisex Mercedes F1 Drift Cat
Mochi,Rs. 2138Rs. 3290(35% OFF),Men Textured Derbys
ALDO,Rs. 15999,Men Leather Loafers
HRX by Hrithik Roshan,Rs. 1719Rs. 4299(60% OFF),Men Skate Street Sneakers
Roadster,Rs. 880Rs. 4195(79% OFF),Men Casual Sneakers
Jack & Jones,Rs. 3499,Men Perforations Sneakers
Woakers,Rs. 659Rs. 3299(80% OFF),Men Colourblocked Loafers
ALDO,Rs. 15999,Men Leather Loafers
HIGHLANDER,Rs. 995Rs. 1990(50% OFF),Men Solid Sneakers
one8 x PUMA,Rs. 4499,Men Play one8 sneakers
H&M,Rs. 1499,Cotton Canvas Trainers
ALDO,Rs. 14999,Men Leather Loafers
Puma,Rs. 3499Rs. 6999(50% OFF),Unisex Future Rider Sneakers
HIGHLANDER,Rs. 995Rs. 1990(50% OFF),Men Solid Sneakers
Louis Philippe,Rs. 3249Rs. 4999(35% OFF),Men Solid Driving Shoes
Mactree,Rs. 744Rs. 3720(80% OFF),Men Colourblocked Sneakers
ASIAN,Rs. 599Rs. 999(40% OFF),Men Regular Height Sneakers
H&M,Rs. 1999,Men Trainers
Mast & Harbour,Rs. 1319Rs. 3299(60% OFF),Men Sneakers
HIGHLANDER,Rs. 995Rs. 1990(50% OFF),Men Sneakers
ALDO,Rs. 10999,Men Derbys
HRX by Hrithik Roshan,Rs. 1664Rs. 3699(55% OFF),Men City Walk Sneakers
Roadster,Rs. 878Rs. 3995(78% OFF),Men Sneakers
Puma,Rs. 2199Rs. 3999(45% OFF),Men Sneakers
ALDO,Rs. 10999,Men Slip-On Sneakers
Jack & Jones,Rs. 2799Rs. 3499(20% OFF),Men Woven Design Sneakers
U.S. Polo Assn.,Rs. 2099Rs. 2999(30% OFF),Men Solid Sneakers
HIGHLANDER,Rs. 995Rs. 1990(50% OFF),Men Solid Sneakers
Jack & Jones,Rs. 3499,Men Colourblocked Sneakers
